url,name,address,city,state,phone
https://chrislongcpa.com/,Results,"îƒˆ2015 Boundary St Ste 300, Beaufort, SC 29902",Beaufort,SC,î‚°(843) 474-3035
http://beaufortcpa.com/,Results,"îƒˆ109 Lady's Is Cmns, Beaufort, SC 29907",Beaufort,SC,î‚°(843) 524-1200
http://www.kevincaincpa.com/,Results,"îƒˆ2201 Boundary St #207, Beaufort, SC 29902",Beaufort,SC,î‚°(843) 522-0222
http://www.cwacpas.com/,Results,"îƒˆ1411 Queen St, Beaufort, SC 29902",Beaufort,SC,î‚°(843) 379-1065
http://www.lynnandwheeler.com/,Results,"îƒˆ46 Sams Point Rd, Beaufort, SC 29907",Beaufort,SC,î‚°(843) 521-2550
https://erickson-cpa.com/,Results,"îƒˆ806 Boundary St, Beaufort, SC 29902",Beaufort,SC,î‚°(843) 524-3003
http://www.bersanicpa.com/,Results,,Beaufort,SC,î‚°(315) 481-9639
http://www.dawnfrankcpa.com/,Results,"îƒˆ23 Professional Village Cir, Beaufort, SC 29907",Beaufort,SC,î‚°(843) 525-3000
https://www.brelandcpa.com/,Results,"îƒˆ1 Professional Dr, Port Royal, SC 29935",Port Royal,SC,î‚°(843) 986-1175
https://www.libertytax.com/10906,Results,"îƒˆ860 Parris Island Gateway # B2, Beaufort, SC 29906",Beaufort,SC,î‚°(843) 547-4911
https://www.facebook.com/Roger-K-Elliott-CPA-181128509094,Results,"îƒˆ1631 Paris Ave, Port Royal, SC 29935",Port Royal,SC,î‚°(843) 470-8457
https://robinsongrant.com/,Results,"îƒˆ806 Boundary St, Beaufort, SC 29902",Beaufort,SC,î‚°(843) 524-3003
http://www.growingtreellc.com/,Results,,Beaufort,SC,î‚°(904) 750-9998
https://www.hrblock.com/tax-office-near-me/south-carolina/beaufort/39341/?otppartnerid=9308&campaignid=pw_mcm_9308_9762&utm_medium=local,Results,"îƒˆ22 Robert Smalls Pkwy Ste A, Beaufort, SC 29906",Beaufort,SC,î‚°(843) 521-0055
https://www.hrblock.com/tax-office-near-me/south-carolina/beaufort/39342/?otppartnerid=9308&campaignid=pw_mcm_9308_9762&utm_medium=local,Results,"îƒˆ136 Sea Island Pkwy Ste 7, Beaufort, SC 29907",Beaufort,SC,î‚°(843) 522-3544
https://pinercpa.com/,Results,"îƒˆ304 Live Oak St, Beaufort, NC 28516",Beaufort,NC,î‚°(252) 728-4832
https://www.fontenotauditors.com/,Results,"îƒˆ409 Carteret St, Beaufort, SC 29902",Beaufort,SC,î‚°(925) 499-9408
https://www.beaufortcountyauditor.com/,Results,"îƒˆ100 Ribaut Rd, Beaufort, SC 29902",Beaufort,SC,î‚°(843) 258-5434
http://www.creditcentralllc.com/locations/beaufort-south-carolina?utm_source=google&utm_medium=organic&utm_campaign=gmb&utm_id=gmb,Results,"îƒˆ1807 Boundary St, Beaufort, SC 29902",Beaufort,SC,î‚°(843) 522-0541
https://www.handandtanner.com/,Results,"îƒˆ39 Professional Village Cir, Beaufort, SC 29907",Beaufort,SC,î‚°(843) 524-6310
https://www.beaufortcountytreasurer.com/,Results,"îƒˆ100 Ribaut Rd #165, Beaufort, SC 29902",Beaufort,SC,î‚°(843) 341-8404
https://www.securityfinance.com/locations/beaufort-sc-1320?utm_source=googlebusiness&utm_medium=organic&utm_campaign=locallistings,Results,"îƒˆ2121 Boundary St Suite 106, Beaufort, SC 29902",Beaufort,SC,î‚°(843) 524-2800
https://www.sadowskico.com/,Results,,Beaufort,SC,î‚°(866) 644-7949
https://www.beaufortcountysc.gov/assessor/index.html,Results,"îƒˆ100 Ribaut Rd, Beaufort, SC 29902",Beaufort,SC,î‚°(843) 255-2400
http://www.worldacceptance.com/,Results,"îƒˆ1347 Ribaut Rd Suite F, Port Royal, SC 29935",Port Royal,SC,
https://mdburns.com/,Results,"îƒˆ69 Robert Smalls Pkwy Ste 4F, Beaufort, SC 29906",Beaufort,SC,î‚°(843) 521-7819
https://watson-tax-service.ueniweb.com/?utm_campaign=gmb,Results,,Beaufort,SC,î‚°(843) 694-4737
https://www.seapointbk.com/,Results,,Beaufort,SC,î‚°(843) 781-6190
http://www.kjstaxsolutions.org/,Results,"îƒˆ35 Parris Island Gateway #215, Beaufort, SC 29906",Beaufort,SC,î‚°(704) 981-2091
http://www.principalrem.com/,Results,"îƒˆ907A Bay St, Beaufort, SC 29902",Beaufort,SC,î‚°(843) 380-2530
https://auroracfo.com/contact,Results,"îƒˆ2015 Boundary St, Beaufort, SC 29902",Beaufort,SC,î‚°(843) 521-9000
https://beaufortcountysc.gov/finance/,Results,"îƒˆ102 Industrial Village Rd #2, Beaufort, SC 29906",Beaufort,SC,î‚°(843) 255-2290
https://independent-tax-services.ueniweb.com/?utm_campaign=gmb,Results,"îƒˆ10 DeGullah Wy, St Helena Island, SC 29920",St Helena Island,SC,î‚°(843) 263-2862
https://www.colleranaccounting.com/,Results,"îƒˆ10 State Rd S-7-50, Bluffton, SC 29909",Bluffton,SC,î‚°(843) 368-3560
http://www.beaufortchamber.org/,Results,"îƒˆ1106 Carteret St, Beaufort, SC 29902",Beaufort,SC,î‚°(843) 525-8525
http://messercpa.com/,Results,"îƒˆ300 Technology Dr, Charleston, WV 25309",Charleston,WV,î‚°(304) 776-4011
http://robinsongrant.com/,Results,"îƒˆ400 Main St Suite 100A-9, Hilton Head Island, SC 29926",Hilton Head Island,SC,î‚°(843) 815-6161
http://islandlifeservices.wixsite.com/website,Results,,Beaufort,SC,î‚°(231) 409-7236
http://www.cornerstonecpasolutions.com/,Results,,Beaufort,SC,î‚°(843) 473-3244
http://www.stokesmessier.com/,Results,"îƒˆ1183 US-1, Lugoff, SC 29078",Lugoff,SC,î‚°(803) 408-0005
https://www.scuttaadvocacygroup.com/,Results,"îƒˆ24 Market, Beaufort, SC 29906",Beaufort,SC,î‚°(843) 644-1112
https://stores.staples.com/sc/beaufort/11-robert-smalls-pkwy?cmpid=st_ll_goo&cid=LS:RETAIL:G&utm_source=google&utm_medium=organic&utm_campaign=Google_Business_Listing,Results,"îƒˆ11 Robert Smalls Pkwy, Beaufort, SC 29906",Beaufort,SC,î‚°(843) 525-0237
https://www.messercpa.com/,Results,"îƒˆ603 Scott St, Beaufort, SC 29902",Beaufort,SC,î‚°(843) 524-7503
https://office.jacksonhewitt.com/tax-preparation-services-locations/en/sc/beaufort/2121-boundary-st/18259?utm_source=google&utm_medium=local&utm_campaign=local&utm_content=18259,Results,"îƒˆ2121 Boundary St Ste 105, Beaufort, SC 29902",Beaufort,SC,î‚°(843) 264-7592
https://office.jacksonhewitt.com/tax-preparation-services-locations/en/sc/beaufort/864-parris-island-gateway/12949?utm_source=google&utm_medium=local&utm_campaign=local&utm_content=12949,Results,"îƒˆ864 Parris Island Gateway, Beaufort, SC 29906",Beaufort,SC,î‚°(843) 258-9539
http://www.beauforttitle.com/,Results,"îƒˆ2 Professional Village Cir, Beaufort, SC 29907",Beaufort,SC,î‚°(843) 524-4000
https://www.twlawfirm.com/,Results,"îƒˆ311 Carteret St, Beaufort, SC 29902",Beaufort,SC,î‚°(843) 476-4573
https://www.printkeg.com/,Results,"îƒˆ2201 Boundary St Ste 108, Beaufort, SC 29902",Beaufort,SC,î‚°(843) 379-1198
http://www.f-farchitects.com/,Results,"îƒˆ38 Meridian Rd, Lady's Island, SC 29907",Lady's Island,SC,î‚°(843) 522-8422
https://office.jacksonhewitt.com/tax-preparation-services-locations/en/sc/beaufort/350-robert-smalls-pky/51383?utm_source=google&utm_medium=local&utm_campaign=local&utm_content=51383,Results,"îƒˆ350 Robert Smalls Pkwy, Beaufort, SC 29906",Beaufort,SC,î‚°(843) 885-4115
https://www.loansbyworld.com/locations/branches/sc-beaufort-154-robert-smalls-pkwy-340?utm_source=google&utm_medium=organic&utm_campaign=loc&utm_content=cm-13gbp------bid-340,Results,"îƒˆ154 Robert Smalls Pkwy Ste 3, Beaufort, SC 29906",Beaufort,SC,î‚°(843) 524-1600
https://www.acecashexpress.com/locations/south-carolina/beaufort/1101?utm_source=google&utm_medium=local&utm_campaign=1101,Results,"îƒˆ2311 Boundary St A, Beaufort, SC 29902",Beaufort,SC,î‚°(843) 525-6278
http://www.lowcountryaccounting.com/,Results,"îƒˆ8 Cardinal Rd # C, Hilton Head Island, SC 29926",Hilton Head Island,SC,î‚°(843) 802-0856
http://www.accountingservicesofhhi.com/,Results,"îƒˆ90B Main St, Hilton Head Island, SC 29926",Hilton Head Island,SC,î‚°(843) 785-6039
https://ruffllc.com/,Results,"îƒˆ17 Professional Village Cir, Beaufort, SC 29907",Beaufort,SC,î‚°(843) 524-5400
http://www.tiasc.biz/,Results,"îƒˆ28 Kemmerlin Ln, Beaufort, SC 29907",Beaufort,SC,î‚°(843) 524-4500
https://ssa.gov/,Results,"îƒˆ646 Robert Smalls Pkwy, Beaufort, SC 29906",Beaufort,SC,î‚°(800) 772-1213
https://www.woodslawfirmsc.com/,Results,"îƒˆ28 Old Jericho Rd #100, Beaufort, SC 29906",Beaufort,SC,î‚°(843) 492-7730
